{"biases":[[[-4.5186489475812825],[-2.9714552176423963],[4.589641110541486]],[[1.5536214309649885]]],"weights":[[[11.49911712850139,-14.869804891258733],[9.889580933612391,9.989378155188174],[15.021660580877452,-11.710952733097923]],[[10.47416653054149,3.7464502504859554,-10.359774769624282]]]}